{"equinix-tr1": [43.6446634, -79.3841764], "equinix-tr2": [43.6509516, -79.3618012], "equinix-tr6": [43.7051282, -79.6908029], "equinix-tr7": [43.7051282, -79.6908029], "equinix-mt1": [45.6008438, -73.586315], "equinix-va1": [49.2866939, -123.1192135], "equinix-ot1": [45.4248864, -75.7197946], "equinix-sj1": [45.2727336, -66.0572747], "equinix-wi1": [49.8764985, -97.1395417], "equinix-ka1": [50.66851, -120.353697], "cologix-mtl2": [45.4669728, -73.5413219], "cologix-mtl5": [45.6320792, -73.7529969], "cologix-mtl6": [45.493931, -73.686836], "cologix-mtl8": [45.493931, -73.686836], "cologix-mtl9": [45.8794841, -72.5459428], "cologix-mtl10": [45.5663616, -73.4758005], "cologix-mtl12": [45.4669728, -73.5413219], "cologix-tor1": [43.6446634, -79.3841764], "cologix-tor2": [43.6416754, -79.4122142], "cologix-tor3": [43.6416754, -79.4122142], "cologix-tor4": [43.8507906, -79.3426533], "cologix-tor5": [43.8507906, -79.3426533], "cologix-van1": [49.2846668, -123.1119122], "cologix-van2": [49.2866939, -123.1192135], "cologix-van3": [49.2593533, -123.0297421], "cologix-van4": [49.2835906, -123.1086836], "cologix-van5": [49.2846668, -123.1119122], "estruxture-mtl1": [45.5008547, -73.5616257], "estruxture-mtl2": [45.4574224, -73.6318897], "estruxture-mtl3": [45.5683626, -73.4306386], "estruxture-mtl4": [45.4459686, -73.8694816], "estruxture-tor1": [43.6446634, -79.3841764], "estruxture-tor2": [43.6474535, -79.3839099], "estruxture-tor3": [43.60133, -79.53724], "estruxture-tor4": [43.8203706, -79.2380741], "estruxture-tor5": [44.3373357, -79.6704762], "estruxture-van1": [49.2647978, -123.1037628], "estruxture-van3": [49.2541536, -122.9973232], "vantage-qc22": [46.7955048, -71.3072117], "vantage-qc61": [45.4178462, -73.9273084], "vantage-qc4b": [45.423219, -73.913684], "digitalrealty-tor1": [43.7788737, -79.540025], "digitalrealty-yyz10": [43.8382592, -79.3236161], "digitalrealty-yyz12": [43.6446634, -79.3841764], "compass-tor-fima": [43.6040511, -79.5261653], "compass-tor-fenmar": [43.7579739, -79.5344049], "compass-mtl2": [45.423219, -73.913684], "qscale-q01": [46.6761377, -71.3251087], "iren-prince-george": [53.9095778, -122.7053733], "stack-tor01a": [43.69792, -79.26624], "telus-vancouver": [49.281174, -123.116823], "cyxtera-yvr1-legacy": [49.2846668, -123.1119122]}